Year,R2 Score
2021.0,0.9996564993460988
2022.0,0.9999077709536952
2023.0,0.9998128931876312
2011.0,0.9999086099713276
2002.0,0.9930530953876637
